,song,artist,album,duration,track_num,release_date,popularity,danceability,energy,key,mode,speechiness,acousticness,instrumentalness,liveness,valence,tempo
0,Love Me Do - Mono / Remastered,The Beatles,1 (Remastered),140173,1,2000-11-13,58,0.524,0.88,0,1,0.0987,0.404,0.000191,0.154,0.758,148.058
1,From Me To You - Mono / Remastered,The Beatles,1 (Remastered),116160,2,2000-11-13,60,0.581,0.821,0,1,0.0318,0.507,0.0,0.108,0.968,136.145
2,She Loves You - Mono / Remastered,The Beatles,1 (Remastered),140920,3,2000-11-13,67,0.377,0.916,4,0,0.0481,0.26,0.0,0.074,0.912,75.533
3,I Want To Hold Your Hand - Remastered 2015,The Beatles,1 (Remastered),145746,4,2000-11-13,72,0.49,0.715,7,1,0.0476,0.386,0.0,0.311,0.866,130.726
4,Can't Buy Me Love - Remastered 2015,The Beatles,1 (Remastered),131213,5,2000-11-13,57,0.426,0.76,0,1,0.0414,0.118,0.0,0.325,0.955,171.838
5,A Hard Day's Night - Remastered 2015,The Beatles,1 (Remastered),152920,6,2000-11-13,58,0.546,0.818,0,1,0.031,0.0487,0.0,0.0983,0.756,138.561
6,I Feel Fine - Remastered 2015,The Beatles,1 (Remastered),139346,7,2000-11-13,64,0.564,0.827,7,1,0.0283,0.0904,3.73e-06,0.127,0.912,89.847
7,Eight Days A Week - Remastered 2015,The Beatles,1 (Remastered),163320,8,2000-11-13,56,0.636,0.677,9,1,0.0316,0.265,0.0,0.215,0.837,138.707
8,Ticket To Ride - Remastered 2015,The Beatles,1 (Remastered),190120,9,2000-11-13,56,0.554,0.904,4,0,0.0536,0.0638,0.0,0.259,0.801,123.443
9,Help! - Remastered 2015,The Beatles,1 (Remastered),139240,10,2000-11-13,58,0.602,0.736,11,0,0.0332,0.149,0.0,0.0776,0.819,94.931
10,Yesterday - Remastered 2015,The Beatles,1 (Remastered),125320,11,2000-11-13,61,0.401,0.189,0,1,0.0287,0.871,0.0,0.0968,0.357,94.509
11,Day Tripper - Remastered 2015,The Beatles,1 (Remastered),169000,12,2000-11-13,65,0.665,0.782,6,0,0.0307,0.12,4.19e-06,0.125,0.731,137.453
12,We Can Work It Out - Remastered 2015,The Beatles,1 (Remastered),135693,13,2000-11-13,62,0.378,0.677,2,1,0.0298,0.0635,0.0,0.183,0.648,106.071
13,Paperback Writer - Remastered 2015,The Beatles,1 (Remastered),138200,14,2000-11-13,62,0.472,0.856,7,1,0.0562,0.147,2.78e-06,0.595,0.841,78.696
14,Yellow Submarine - Remastered 2015,The Beatles,1 (Remastered),158800,15,2000-11-13,55,0.66,0.557,1,1,0.03,0.158,0.0,0.543,0.788,110.743
15,Eleanor Rigby - Remastered 2015,The Beatles,1 (Remastered),125866,16,2000-11-13,60,0.605,0.314,0,1,0.0327,0.916,0.0,0.359,0.836,138.148
16,Penny Lane - Remastered 2015,The Beatles,1 (Remastered),180520,17,2000-11-13,58,0.679,0.592,9,1,0.0402,0.0964,0.0138,0.16,0.55,113.265
17,All You Need Is Love - Remastered 2015,The Beatles,1 (Remastered),227760,18,2000-11-13,58,0.397,0.625,7,1,0.0347,0.437,5.47e-06,0.263,0.676,104.54
18,"Hello, Goodbye - Remastered 2015",The Beatles,1 (Remastered),207786,19,2000-11-13,55,0.498,0.806,0,1,0.0265,0.402,5.74e-06,0.525,0.664,99.396
19,Lady Madonna - Remastered 2015,The Beatles,1 (Remastered),136826,20,2000-11-13,62,0.65,0.777,2,1,0.0294,0.141,0.343,0.215,0.574,109.608
20,Hey Jude - Remastered 2015,The Beatles,1 (Remastered),425653,21,2000-11-13,76,0.386,0.607,10,1,0.0261,0.0112,1.38e-05,0.088,0.532,147.207
21,Get Back - Remastered 2015,The Beatles,1 (Remastered),191773,22,2000-11-13,57,0.703,0.636,7,1,0.0376,0.186,0.0256,0.0959,0.218,122.921
22,The Ballad Of John And Yoko - Remastered 2015,The Beatles,1 (Remastered),179480,23,2000-11-13,58,0.651,0.892,4,1,0.0313,0.00465,2.85e-06,0.127,0.962,135.309
23,Something - Remastered 2015,The Beatles,1 (Remastered),181413,24,2000-11-13,54,0.449,0.375,0,1,0.0286,0.302,2.41e-06,0.144,0.466,133.845
24,Come Together - Remastered 2015,The Beatles,1 (Remastered),258693,25,2000-11-13,54,0.559,0.343,9,0,0.0424,0.0601,0.138,0.1,0.183,164.53
25,Let It Be - Remastered 2015,The Beatles,1 (Remastered),230440,26,2000-11-13,62,0.445,0.436,0,1,0.0332,0.58,2.63e-05,0.112,0.483,139.848
26,The Long And Winding Road - Remastered 2015,The Beatles,1 (Remastered),219440,27,2000-11-13,53,0.326,0.365,3,1,0.0265,0.667,0.000523,0.0718,0.314,133.084
27,Two Of Us - Remastered 2009,The Beatles,Let It Be (Remastered),216813,1,1970-05-08,61,0.726,0.702,7,1,0.032,0.0974,3.46e-05,0.239,0.931,109.114
28,Dig A Pony - Remastered 2009,The Beatles,Let It Be (Remastered),235000,2,1970-05-08,56,0.538,0.478,11,0,0.0388,0.472,0.0,0.17,0.527,59.004
29,Across The Universe - Remastered 2009,The Beatles,Let It Be (Remastered),228133,3,1970-05-08,68,0.257,0.412,1,1,0.0287,0.361,8.68e-05,0.0702,0.858,152.126
30,I Me Mine - Remastered 2009,The Beatles,Let It Be (Remastered),145586,4,1970-05-08,58,0.291,0.638,9,0,0.0554,0.179,0.0,0.101,0.525,185.235
31,Dig It - Remastered 2009,The Beatles,Let It Be (Remastered),50466,5,1970-05-08,50,0.54,0.489,5,1,0.117,0.659,0.0019,0.457,0.67,157.03
32,Let It Be - Remastered 2009,The Beatles,Let It Be (Remastered),243026,6,1970-05-08,79,0.443,0.403,0,1,0.0322,0.631,0.0,0.111,0.41,143.462
33,Maggie Mae - Remastered 2009,The Beatles,Let It Be (Remastered),40040,7,1970-05-08,52,0.516,0.515,2,0,0.215,0.379,0.0,0.103,0.524,169.039
34,I've Got A Feeling - Remastered 2009,The Beatles,Let It Be (Remastered),217560,8,1970-05-08,59,0.44,0.609,2,1,0.0358,0.0715,0.0,0.582,0.364,165.156
35,One After 909 - Remastered 2009,The Beatles,Let It Be (Remastered),173960,9,1970-05-08,53,0.554,0.828,4,1,0.0739,0.0307,0.0,0.907,0.888,90.95
36,The Long And Winding Road - Remastered 2009,The Beatles,Let It Be (Remastered),218186,10,1970-05-08,65,0.299,0.329,3,1,0.0279,0.756,0.0105,0.0559,0.392,132.282
37,For You Blue - Remastered 2009,The Beatles,Let It Be (Remastered),152213,11,1970-05-08,53,0.88,0.556,2,1,0.0855,0.24,0.0483,0.24,0.955,128.542
38,Get Back - Remastered 2009,The Beatles,Let It Be (Remastered),189386,12,1970-05-08,68,0.761,0.592,2,1,0.0586,0.492,0.00626,0.61,0.332,123.095
39,Come Together - Remastered 2009,The Beatles,Abbey Road (Remastered),259946,1,1969-09-26,79,0.533,0.376,9,0,0.0393,0.0302,0.248,0.0926,0.187,165.007
40,Something - Remastered 2009,The Beatles,Abbey Road (Remastered),182293,2,1969-09-26,73,0.396,0.338,0,1,0.0304,0.198,2.62e-06,0.138,0.377,133.522
41,Maxwell's Silver Hammer - Remastered 2009,The Beatles,Abbey Road (Remastered),207920,3,1969-09-26,60,0.764,0.426,2,1,0.0405,0.629,0.000119,0.132,0.726,131.12
42,Oh! Darling - Remastered 2009,The Beatles,Abbey Road (Remastered),207240,4,1969-09-26,68,0.422,0.656,4,1,0.0397,0.0126,0.0279,0.268,0.549,173.93
43,Octopus's Garden - Remastered 2009,The Beatles,Abbey Road (Remastered),170720,5,1969-09-26,63,0.626,0.512,1,0,0.0247,0.155,4.65e-05,0.215,0.73,92.225
44,I Want You (She's So Heavy) - Remastered 2009,The Beatles,Abbey Road (Remastered),467320,6,1969-09-26,63,0.37,0.515,2,0,0.0321,0.0233,0.205,0.0966,0.42,115.732
45,Here Comes The Sun - Remastered 2009,The Beatles,Abbey Road (Remastered),185733,7,1969-09-26,83,0.557,0.54,9,1,0.0347,0.0339,0.00248,0.179,0.394,129.171
46,Because - Remastered 2009,The Beatles,Abbey Road (Remastered),165666,8,1969-09-26,60,0.328,0.249,2,1,0.0272,0.754,5.77e-06,0.134,0.162,81.257
47,You Never Give Me Your Money - Remastered 2009,The Beatles,Abbey Road (Remastered),242973,9,1969-09-26,59,0.335,0.416,0,1,0.0348,0.345,0.136,0.116,0.223,174.464
48,Sun King - Remastered 2009,The Beatles,Abbey Road (Remastered),146266,10,1969-09-26,57,0.483,0.177,2,1,0.0277,0.284,0.499,0.116,0.192,74.994
49,Mean Mr Mustard - Remastered 2009,The Beatles,Abbey Road (Remastered),66533,11,1969-09-26,56,0.676,0.596,4,1,0.0272,0.0699,1.96e-05,0.351,0.97,100.687
50,Polythene Pam - Remastered 2009,The Beatles,Abbey Road (Remastered),72640,12,1969-09-26,56,0.474,0.939,11,0,0.199,0.00472,0.674,0.19,0.499,166.829
51,She Came In Through The Bathroom Window - Remastered 2009,The Beatles,Abbey Road (Remastered),118626,13,1969-09-26,59,0.53,0.72,2,1,0.0338,0.00376,3.38e-05,0.314,0.69,80.652
52,Golden Slumbers - Remastered 2009,The Beatles,Abbey Road (Remastered),91760,14,1969-09-26,65,0.419,0.152,0,1,0.0277,0.326,0.0034,0.113,0.239,80.608
53,Carry That Weight - Remastered 2009,The Beatles,Abbey Road (Remastered),96466,15,1969-09-26,62,0.543,0.458,0,1,0.0274,0.226,0.00663,0.298,0.704,84.319
54,The End - Remastered 2009,The Beatles,Abbey Road (Remastered),141613,16,1969-09-26,58,0.647,0.487,11,0,0.0689,0.00101,0.285,0.138,0.222,123.444
55,Her Majesty - Remastered 2009,The Beatles,Abbey Road (Remastered),25986,17,1969-09-26,23,0.703,0.215,2,1,0.0892,0.728,1.23e-06,0.13,0.522,100.874
56,Yellow Submarine - Remastered 2009,The Beatles,Yellow Submarine (Remastered),159720,1,1969-01-17,48,0.605,0.536,1,1,0.0421,0.518,0.0,0.528,0.688,110.849
57,Only A Northern Song - Remastered 2009,The Beatles,Yellow Submarine (Remastered),204493,2,1969-01-17,42,0.175,0.731,9,1,0.0705,0.000341,0.000751,0.0846,0.801,209.242
58,All Together Now - Remastered 2009,The Beatles,Yellow Submarine (Remastered),130893,3,1969-01-17,45,0.587,0.431,2,1,0.0686,0.0722,0.0,0.561,0.778,95.937
59,Hey Bulldog - Remastered 2009,The Beatles,Yellow Submarine (Remastered),191306,4,1969-01-17,54,0.587,0.617,7,1,0.028,0.0197,0.639,0.199,0.947,100.495
60,It's All Too Much - Remastered 2009,The Beatles,Yellow Submarine (Remastered),385013,5,1969-01-17,43,0.39,0.781,7,1,0.0364,4.3e-05,0.412,0.1,0.199,113.511
61,All You Need Is Love - Remastered 2009,The Beatles,Yellow Submarine (Remastered),231213,6,1969-01-17,44,0.4,0.463,7,1,0.0288,0.345,4.59e-05,0.286,0.627,103.103
62,Pepperland - Remastered 2009,George Martin,Yellow Submarine (Remastered),140733,7,1969-01-17,44,0.354,0.281,7,1,0.032,0.661,0.763,0.243,0.367,113.126
63,Sea Of Time - Remastered 2009,George Martin,Yellow Submarine (Remastered),180213,8,1969-01-17,36,0.237,0.096,2,0,0.0387,0.971,0.0961,0.203,0.0629,128.054
64,Sea Of Holes - Remastered 2009,George Martin,Yellow Submarine (Remastered),136693,9,1969-01-17,34,0.249,0.0994,6,0,0.04,0.959,0.926,0.454,0.0357,118.99
65,Sea Of Monsters - Remastered 2009,George Martin,Yellow Submarine (Remastered),216693,10,1969-01-17,33,0.253,0.166,9,1,0.0346,0.945,0.862,0.135,0.0489,83.971
66,March Of The Meanies - Remastered 2009,George Martin,Yellow Submarine (Remastered),139360,11,1969-01-17,33,0.538,0.378,9,0,0.0387,0.934,0.758,0.456,0.16,117.185
67,Pepperland Laid Waste - Remastered 2009,George Martin,Yellow Submarine (Remastered),132773,12,1969-01-17,32,0.269,0.0902,8,0,0.042,0.877,0.821,0.302,0.0462,82.423
68,Yellow Submarine In Pepperland - Remastered 2009,George Martin,Yellow Submarine (Remastered),134026,13,1969-01-17,42,0.406,0.219,7,1,0.0359,0.808,0.599,0.15,0.271,105.345
69,Back In The U.S.S.R. - Remastered 2009,The Beatles,The Beatles (Remastered),163453,1,1968-11-22,68,0.48,0.969,9,1,0.0854,0.069,0.00022,0.0608,0.494,142.489
70,Dear Prudence - Remastered 2009,The Beatles,The Beatles (Remastered),235773,2,1968-11-22,62,0.388,0.529,7,1,0.0436,0.16,0.0681,0.108,0.332,150.721
71,Glass Onion - Remastered 2009,The Beatles,The Beatles (Remastered),137840,3,1968-11-22,56,0.523,0.51,7,0,0.0514,0.0123,8.38e-05,0.108,0.789,120.432
72,"Ob-La-Di, Ob-La-Da - Remastered 2009",The Beatles,The Beatles (Remastered),188960,4,1968-11-22,72,0.818,0.728,10,1,0.0314,0.232,0.0642,0.251,0.975,113.059
73,Wild Honey Pie - Remastered 2009,The Beatles,The Beatles (Remastered),52973,5,1968-11-22,51,0.792,0.763,2,1,0.0506,0.425,0.627,0.789,0.152,89.9
74,The Continuing Story Of Bungalow Bill - Remastered 2009,The Beatles,The Beatles (Remastered),194160,6,1968-11-22,52,0.621,0.459,0,1,0.104,0.224,0.0,0.656,0.648,114.816
75,While My Guitar Gently Weeps - Remastered 2009,The Beatles,The Beatles (Remastered),285000,7,1968-11-22,71,0.453,0.654,4,0,0.0317,0.0205,0.00395,0.172,0.702,115.0
76,Happiness Is A Warm Gun - Remastered 2009,The Beatles,The Beatles (Remastered),164546,8,1968-11-22,60,0.431,0.54,9,0,0.0589,0.523,1.34e-06,0.169,0.44,139.288
77,Martha My Dear - Remastered 2009,The Beatles,The Beatles (Remastered),148573,9,1968-11-22,56,0.472,0.292,10,1,0.0321,0.872,0.0007,0.128,0.824,177.624
78,I'm So Tired - Remastered 2009,The Beatles,The Beatles (Remastered),123493,10,1968-11-22,57,0.433,0.483,9,1,0.175,0.656,2.64e-05,0.539,0.717,68.492
79,Blackbird - Remastered 2009,The Beatles,The Beatles (Remastered),138386,11,1968-11-22,75,0.686,0.127,7,1,0.0342,0.754,1.41e-05,0.0573,0.372,93.699
80,Piggies - Remastered 2009,The Beatles,The Beatles (Remastered),124266,12,1968-11-22,51,0.542,0.445,8,1,0.0303,0.643,0.0,0.516,0.52,93.245
81,Rocky Raccoon - Remastered 2009,The Beatles,The Beatles (Remastered),213106,13,1968-11-22,58,0.599,0.363,7,1,0.0315,0.333,0.0,0.243,0.648,79.456
82,Don't Pass Me By - Remastered 2009,The Beatles,The Beatles (Remastered),230453,14,1968-11-22,52,0.599,0.537,0,1,0.0254,0.594,1.92e-05,0.194,0.946,84.895
83,Why Don't We Do It In The Road? - Remastered 2009,The Beatles,The Beatles (Remastered),101160,15,1968-11-22,51,0.589,0.522,2,1,0.0521,0.53,0.000243,0.0993,0.957,187.688
84,I Will - Remastered 2009,The Beatles,The Beatles (Remastered),105933,16,1968-11-22,64,0.631,0.387,5,1,0.0262,0.742,0.000406,0.0822,0.832,103.11
85,Julia - Remastered 2009,The Beatles,The Beatles (Remastered),176666,17,1968-11-22,56,0.512,0.0953,2,1,0.0304,0.828,0.000268,0.117,0.193,134.706
86,Birthday - Remastered 2009,The Beatles,The Beatles (Remastered),163080,1,1968-11-22,54,0.541,0.727,2,1,0.0384,7.37e-05,0.717,0.232,0.91,139.239
87,Yer Blues - Remastered 2009,The Beatles,The Beatles (Remastered),240453,2,1968-11-22,53,0.327,0.525,9,1,0.0475,0.000875,0.259,0.133,0.435,151.766
88,Mother Nature's Son - Remastered 2009,The Beatles,The Beatles (Remastered),168026,3,1968-11-22,54,0.608,0.178,2,1,0.0264,0.634,0.352,0.166,0.401,84.78
89,Everybody's Got Something To Hide Except Me And My Monkey - Remastered 2009,The Beatles,The Beatles (Remastered),144773,4,1968-11-22,50,0.523,0.731,2,1,0.0559,0.0207,0.000464,0.081,0.81,117.089
90,Sexy Sadie - Remastered 2009,The Beatles,The Beatles (Remastered),195266,5,1968-11-22,53,0.577,0.624,0,1,0.0285,0.33,0.00622,0.117,0.671,75.478
91,Helter Skelter - Remastered 2009,The Beatles,The Beatles (Remastered),269786,6,1968-11-22,64,0.166,0.831,9,1,0.0894,0.000606,0.846,0.811,0.281,167.518
92,"Long, Long, Long - Remastered 2009",The Beatles,The Beatles (Remastered),186306,7,1968-11-22,51,0.349,0.129,5,1,0.0294,0.539,0.405,0.192,0.163,104.837
93,Revolution 1 - Remastered 2009,The Beatles,The Beatles (Remastered),255706,8,1968-11-22,52,0.386,0.626,9,1,0.0377,0.0785,0.00164,0.621,0.695,98.425
94,Honey Pie - Remastered 2009,The Beatles,The Beatles (Remastered),161160,9,1968-11-22,52,0.537,0.297,7,1,0.0822,0.88,1.5e-05,0.145,0.553,144.197
95,Savoy Truffle - Remastered 2009,The Beatles,The Beatles (Remastered),174466,10,1968-11-22,49,0.623,0.544,11,0,0.0536,0.00814,0.309,0.134,0.793,120.761
96,Cry Baby Cry - Remastered 2009,The Beatles,The Beatles (Remastered),182080,11,1968-11-22,51,0.517,0.529,9,0,0.0323,0.115,0.00396,0.174,0.362,76.644
97,Revolution 9 - Remastered 2009,The Beatles,The Beatles (Remastered),502013,12,1968-11-22,46,0.208,0.615,2,0,0.342,0.769,0.118,0.824,0.101,91.158
98,Good Night - Remastered 2009,The Beatles,The Beatles (Remastered),193760,13,1968-11-22,50,0.146,0.355,7,1,0.0352,0.865,0.835,0.114,0.178,146.408
99,Magical Mystery Tour - Remastered 2009,The Beatles,Magical Mystery Tour (Remastered),170106,1,1967-11-27,54,0.297,0.613,9,1,0.0931,0.0385,3.98e-05,0.0734,0.338,170.962
100,The Fool On The Hill - Remastered 2009,The Beatles,Magical Mystery Tour (Remastered),179106,2,1967-11-27,58,0.356,0.26,4,0,0.0314,0.913,2.1e-06,0.105,0.49,144.184
101,Flying - Remastered 2009,The Beatles,Magical Mystery Tour (Remastered),135520,3,1967-11-27,51,0.551,0.395,0,1,0.0501,0.368,0.88,0.0932,0.261,92.929
102,Blue Jay Way - Remastered 2009,The Beatles,Magical Mystery Tour (Remastered),235066,4,1967-11-27,52,0.294,0.407,0,1,0.0308,0.0258,0.000219,0.0852,0.0378,101.052
103,Your Mother Should Know - Remastered 2009,The Beatles,Magical Mystery Tour (Remastered),148413,5,1967-11-27,55,0.698,0.293,0,1,0.0332,0.784,0.0106,0.0936,0.724,117.613
104,I Am The Walrus - Remastered 2009,The Beatles,Magical Mystery Tour (Remastered),275866,6,1967-11-27,65,0.401,0.556,2,1,0.0513,0.0828,0.000359,0.589,0.654,85.206
105,"Hello, Goodbye - Remastered 2009",The Beatles,Magical Mystery Tour (Remastered),208840,7,1967-11-27,66,0.479,0.733,0,1,0.0256,0.306,2.4e-05,0.414,0.806,99.307
106,Strawberry Fields Forever - Remastered 2009,The Beatles,Magical Mystery Tour (Remastered),247320,8,1967-11-27,71,0.39,0.502,10,1,0.178,0.336,0.000138,0.0713,0.289,97.871
107,Penny Lane - Remastered 2009,The Beatles,Magical Mystery Tour (Remastered),180893,9,1967-11-27,66,0.651,0.488,9,1,0.0316,0.212,0.026,0.136,0.49,113.038
108,"Baby, You're A Rich Man - Remastered 2009",The Beatles,Magical Mystery Tour (Remastered),181306,10,1967-11-27,58,0.619,0.625,7,1,0.036,0.0119,1.05e-06,0.152,0.467,96.751
109,All You Need Is Love - Remastered 2009,The Beatles,Magical Mystery Tour (Remastered),230386,11,1967-11-27,67,0.4,0.48,7,1,0.0295,0.346,3.1e-05,0.155,0.653,103.436
110,Sgt. Pepper's Lonely Hearts Club Band - Remastered 2009,The Beatles,Sgt. Pepper's Lonely Hearts Club Band (Remastered),122893,1,1967-06-01,65,0.451,0.673,7,1,0.0734,0.0857,0.00225,0.797,0.583,95.513
111,With A Little Help From My Friends - Remastered 2009,The Beatles,Sgt. Pepper's Lonely Hearts Club Band (Remastered),164106,2,1967-06-01,67,0.705,0.515,4,1,0.0337,0.365,0.0,0.389,0.803,112.035
112,Lucy In The Sky With Diamonds - Remastered 2009,The Beatles,Sgt. Pepper's Lonely Hearts Club Band (Remastered),208466,3,1967-06-01,70,0.311,0.325,2,1,0.0283,0.0469,0.0,0.139,0.668,65.09
113,Getting Better - Remastered 2009,The Beatles,Sgt. Pepper's Lonely Hearts Club Band (Remastered),168120,4,1967-06-01,59,0.632,0.471,0,1,0.0348,0.313,5.08e-06,0.0712,0.764,121.672
114,Fixing A Hole - Remastered 2009,The Beatles,Sgt. Pepper's Lonely Hearts Club Band (Remastered),156826,5,1967-06-01,59,0.469,0.507,0,0,0.0451,0.382,0.0,0.0783,0.619,112.984
115,She's Leaving Home - Remastered 2009,The Beatles,Sgt. Pepper's Lonely Hearts Club Band (Remastered),215160,6,1967-06-01,62,0.381,0.214,4,1,0.0337,0.944,0.0,0.106,0.393,127.581
116,Being For The Benefit Of Mr. Kite! - Remastered 2009,The Beatles,Sgt. Pepper's Lonely Hearts Club Band (Remastered),157533,7,1967-06-01,53,0.526,0.413,0,1,0.0446,0.338,0.0,0.0992,0.71,111.874
117,Within You Without You - Remastered 2009,The Beatles,Sgt. Pepper's Lonely Hearts Club Band (Remastered),304666,8,1967-06-01,58,0.352,0.479,6,1,0.0338,0.339,0.000353,0.486,0.354,126.166
118,When I'm Sixty Four - Remastered 2009,The Beatles,Sgt. Pepper's Lonely Hearts Club Band (Remastered),157666,9,1967-06-01,65,0.704,0.241,1,1,0.0476,0.625,2.8e-05,0.0868,0.661,140.411
119,Lovely Rita - Remastered 2009,The Beatles,Sgt. Pepper's Lonely Hearts Club Band (Remastered),162093,10,1967-06-01,55,0.61,0.471,8,0,0.0261,0.0634,0.0,0.118,0.63,87.379
120,Good Morning Good Morning - Remastered 2009,The Beatles,Sgt. Pepper's Lonely Hearts Club Band (Remastered),161226,11,1967-06-01,51,0.542,0.618,2,1,0.139,0.0858,0.0,0.772,0.93,121.849
121,Sgt. Pepper's Lonely Hearts Club Band - Reprise / Remastered 2009,The Beatles,Sgt. Pepper's Lonely Hearts Club Band (Remastered),79066,12,1967-06-01,52,0.653,0.889,0,1,0.0453,0.0061,0.589,0.892,0.879,118.773
122,A Day In The Life - Remastered 2009,The Beatles,Sgt. Pepper's Lonely Hearts Club Band (Remastered),337413,13,1967-06-01,66,0.364,0.457,4,0,0.0675,0.29,0.000106,0.922,0.175,163.219
123,Taxman - Remastered 2009,The Beatles,Revolver (Remastered),158853,1,1966-08-05,62,0.469,0.596,7,1,0.0749,0.0101,0.0,0.321,0.783,133.586
124,Eleanor Rigby - Remastered 2009,The Beatles,Revolver (Remastered),126533,2,1966-08-05,70,0.581,0.28,4,0,0.0381,0.936,1.56e-05,0.305,0.813,137.831
125,I'm Only Sleeping - Remastered 2009,The Beatles,Revolver (Remastered),180320,3,1966-08-05,62,0.494,0.47,8,0,0.0301,0.21,0.0,0.28,0.698,103.477
126,Love You To - Remastered 2009,The Beatles,Revolver (Remastered),179826,4,1966-08-05,53,0.391,0.593,5,1,0.0413,0.7,0.000249,0.0829,0.707,123.986
127,"Here, There And Everywhere - Remastered 2009",The Beatles,Revolver (Remastered),144880,5,1966-08-05,62,0.29,0.247,7,1,0.0383,0.921,0.00565,0.0917,0.36,165.361
128,Yellow Submarine - Remastered 2009,The Beatles,Revolver (Remastered),158880,6,1966-08-05,64,0.604,0.549,1,1,0.0389,0.531,0.0,0.438,0.696,111.398
129,She Said She Said - Remastered 2009,The Beatles,Revolver (Remastered),156040,7,1966-08-05,55,0.329,0.678,3,1,0.0344,0.103,0.168,0.843,0.672,106.476
130,Good Day Sunshine - Remastered 2009,The Beatles,Revolver (Remastered),129293,8,1966-08-05,61,0.77,0.496,11,1,0.0468,0.719,0.0,0.123,0.571,117.331
131,And Your Bird Can Sing - Remastered 2009,The Beatles,Revolver (Remastered),120493,9,1966-08-05,60,0.555,0.65,4,1,0.0282,0.0067,0.0491,0.236,0.966,132.59
132,For No One - Remastered 2009,The Beatles,Revolver (Remastered),119813,10,1966-08-05,63,0.483,0.351,1,0,0.0278,0.783,0.0,0.115,0.713,81.208
133,Doctor Robert - Remastered 2009,The Beatles,Revolver (Remastered),134266,11,1966-08-05,52,0.394,0.64,4,1,0.0488,0.164,0.139,0.153,0.574,164.626
134,I Want To Tell You - Remastered 2009,The Beatles,Revolver (Remastered),147973,12,1966-08-05,52,0.493,0.525,9,1,0.0315,0.182,4.4e-06,0.148,0.449,127.492
135,Got To Get You Into My Life - Remastered 2009,The Beatles,Revolver (Remastered),149240,13,1966-08-05,62,0.521,0.524,0,1,0.0302,0.42,9.27e-06,0.0838,0.711,136.679
136,Tomorrow Never Knows - Remastered 2009,The Beatles,Revolver (Remastered),179546,14,1966-08-05,58,0.38,0.829,5,1,0.0405,8.4e-05,0.00208,0.342,0.0534,125.887
137,Drive My Car - Remastered 2009,The Beatles,Rubber Soul (Remastered),148893,1,1965-12-03,66,0.754,0.571,2,1,0.0421,0.0173,0.0,0.3,0.82,122.463
138,Norwegian Wood (This Bird Has Flown) - Remastered 2009,The Beatles,Rubber Soul (Remastered),124693,2,1965-12-03,69,0.425,0.369,4,1,0.0379,0.183,0.00126,0.112,0.65,176.625
139,You Won't See Me - Remastered 2009,The Beatles,Rubber Soul (Remastered),199960,3,1965-12-03,60,0.488,0.539,9,1,0.0304,0.136,0.0,0.0538,0.473,115.941
140,Nowhere Man - Remastered 2009,The Beatles,Rubber Soul (Remastered),163693,4,1965-12-03,64,0.534,0.624,4,1,0.0462,0.00797,0.0,0.128,0.687,121.402
141,Think For Yourself - Remastered 2009,The Beatles,Rubber Soul (Remastered),138520,5,1965-12-03,54,0.529,0.567,0,1,0.0282,0.0124,0.0,0.0729,0.799,130.544
142,The Word - Remastered 2009,The Beatles,Rubber Soul (Remastered),163106,6,1965-12-03,53,0.59,0.641,0,1,0.0416,0.00682,0.0,0.0553,0.792,120.773
143,Michelle - Remastered 2009,The Beatles,Rubber Soul (Remastered),162373,7,1965-12-03,67,0.578,0.29,5,0,0.0341,0.652,0.0,0.105,0.666,117.403
144,What Goes On - Remastered 2009,The Beatles,Rubber Soul (Remastered),168573,8,1965-12-03,53,0.67,0.776,4,1,0.0749,0.0168,3.01e-06,0.0732,0.765,96.93
145,Girl - Remastered 2009,The Beatles,Rubber Soul (Remastered),151720,9,1965-12-03,63,0.699,0.294,5,0,0.0294,0.587,0.0,0.117,0.893,96.615
146,I'm Looking Through You - Remastered 2009,The Beatles,Rubber Soul (Remastered),146386,10,1965-12-03,61,0.667,0.498,1,1,0.0364,0.00772,0.0,0.0481,0.774,85.843
147,In My Life - Remastered 2009,The Beatles,Rubber Soul (Remastered),146333,11,1965-12-03,74,0.688,0.435,9,1,0.0323,0.449,0.0,0.113,0.435,103.239
148,Wait - Remastered 2009,The Beatles,Rubber Soul (Remastered),134720,12,1965-12-03,53,0.552,0.487,6,0,0.04,0.0175,0.0,0.105,0.657,127.201
149,If I Needed Someone - Remastered 2009,The Beatles,Rubber Soul (Remastered),142266,13,1965-12-03,54,0.492,0.755,9,1,0.0331,0.00748,0.0,0.102,0.796,127.387
150,Run For Your Life - Remastered 2009,The Beatles,Rubber Soul (Remastered),141093,14,1965-12-03,59,0.563,0.705,2,1,0.103,0.0103,0.0,0.0552,0.822,176.732
151,Help! - Remastered 2009,The Beatles,Help! (Remastered),139560,1,1965-08-06,73,0.534,0.725,6,0,0.0332,0.188,0.0,0.0994,0.763,95.003
152,The Night Before - Remastered 2009,The Beatles,Help! (Remastered),154933,2,1965-08-06,59,0.461,0.762,2,1,0.0379,0.0537,0.0,0.238,0.632,84.496
153,You've Got To Hide Your Love Away - Remastered 2009,The Beatles,Help! (Remastered),129120,3,1965-08-06,65,0.398,0.392,7,1,0.0282,0.207,0.0,0.102,0.378,184.267
154,I Need You - Remastered 2009,The Beatles,Help! (Remastered),148786,4,1965-08-06,54,0.601,0.489,9,1,0.0455,0.277,0.0,0.0988,0.638,136.215
155,Another Girl - Remastered 2009,The Beatles,Help! (Remastered),125360,5,1965-08-06,50,0.516,0.638,9,1,0.0314,0.238,0.0,0.333,0.822,88.657
156,You're Going To Lose That Girl - Remastered 2009,The Beatles,Help! (Remastered),138666,6,1965-08-06,59,0.533,0.66,4,1,0.0337,0.346,0.0,0.26,0.818,131.975
157,Ticket To Ride - Remastered 2009,The Beatles,Help! (Remastered),189680,7,1965-08-06,66,0.519,0.85,9,1,0.0678,0.0457,0.0,0.233,0.749,123.419
158,Act Naturally - Remastered 2009,The Beatles,Help! (Remastered),150373,8,1965-08-06,50,0.702,0.447,7,1,0.0308,0.366,0.0,0.153,0.944,93.02
159,It's Only Love - Remastered 2009,The Beatles,Help! (Remastered),116480,9,1965-08-06,53,0.629,0.551,0,1,0.0256,0.22,0.0,0.0432,0.685,113.155
160,You Like Me Too Much - Remastered 2009,The Beatles,Help! (Remastered),156866,10,1965-08-06,48,0.555,0.57,7,1,0.0302,0.415,0.0,0.191,0.899,88.316
161,Tell Me What You See - Remastered 2009,The Beatles,Help! (Remastered),157986,11,1965-08-06,47,0.592,0.796,7,1,0.0429,0.061,0.0,0.131,0.7,136.675
162,I've Just Seen A Face - Remastered 2009,The Beatles,Help! (Remastered),125040,12,1965-08-06,63,0.647,0.56,9,1,0.0387,0.723,0.0,0.118,0.913,120.418
163,Yesterday - Remastered 2009,The Beatles,Help! (Remastered),125666,13,1965-08-06,77,0.332,0.179,5,1,0.0326,0.879,0.0,0.0886,0.315,96.529
164,Dizzy Miss Lizzy - Remastered 2009,The Beatles,Help! (Remastered),176506,14,1965-08-06,48,0.373,0.934,9,1,0.0591,0.116,0.00445,0.0962,0.918,136.037
165,No Reply - Remastered 2009,The Beatles,Beatles For Sale (Remastered),136066,1,1964-12-04,59,0.718,0.593,0,1,0.0377,0.67,0.0,0.172,0.869,124.251
166,I'm A Loser - Remastered 2009,The Beatles,Beatles For Sale (Remastered),150026,2,1964-12-04,49,0.492,0.628,7,1,0.0439,0.567,1.07e-06,0.267,0.856,89.877
167,Baby's In Black - Remastered 2009,The Beatles,Beatles For Sale (Remastered),124520,3,1964-12-04,49,0.374,0.596,9,1,0.0416,0.434,0.0,0.098,0.876,202.97
168,Rock And Roll Music - Remastered 2009,The Beatles,Beatles For Sale (Remastered),151280,4,1964-12-04,54,0.457,0.917,9,1,0.0441,0.566,0.0,0.333,0.965,167.092
169,I'll Follow The Sun - Remastered 2009,The Beatles,Beatles For Sale (Remastered),108853,5,1964-12-04,61,0.689,0.313,0,1,0.0366,0.789,0.0,0.144,0.625,133.754
170,Mr Moonlight - Remastered 2009,The Beatles,Beatles For Sale (Remastered),158626,6,1964-12-04,47,0.631,0.424,6,1,0.0438,0.796,0.000143,0.118,0.589,126.127
171,Kansas City / Hey-Hey-Hey-Hey - Medley / Remastered 2009,The Beatles,Beatles For Sale (Remastered),158146,7,1964-12-04,46,0.588,0.724,7,1,0.0335,0.614,8.92e-05,0.877,0.924,131.36
172,Eight Days A Week - Remastered 2009,The Beatles,Beatles For Sale (Remastered),163600,8,1964-12-04,66,0.652,0.583,9,1,0.038,0.412,0.0,0.119,0.744,138.134
173,Words Of Love - Remastered 2009,The Beatles,Beatles For Sale (Remastered),124320,9,1964-12-04,50,0.551,0.533,9,1,0.0297,0.323,0.722,0.173,0.85,122.358
174,Honey Don't - Remastered 2009,The Beatles,Beatles For Sale (Remastered),177426,10,1964-12-04,45,0.629,0.545,4,1,0.0348,0.473,5.08e-05,0.0854,0.735,162.438
175,Every Little Thing - Remastered 2009,The Beatles,Beatles For Sale (Remastered),123800,11,1964-12-04,47,0.74,0.49,2,1,0.038,0.488,0.0,0.103,0.678,123.227
176,I Don't Want To Spoil The Party - Remastered 2009,The Beatles,Beatles For Sale (Remastered),154466,12,1964-12-04,45,0.533,0.668,7,1,0.033,0.451,0.0,0.149,0.889,95.438
177,What You're Doing - Remastered 2009,The Beatles,Beatles For Sale (Remastered),150040,13,1964-12-04,46,0.695,0.53,2,1,0.0403,0.301,2e-06,0.0583,0.825,129.506
178,Everybody's Trying To Be My Baby - Remastered 2009,The Beatles,Beatles For Sale (Remastered),146000,14,1964-12-04,45,0.543,0.806,4,1,0.0385,0.466,0.0,0.134,0.943,85.172
179,A Hard Day's Night - Remastered 2009,The Beatles,A Hard Day's Night (Remastered),154200,1,1964-07-10,68,0.59,0.805,0,1,0.0371,0.137,0.0,0.0996,0.797,138.514
180,I Should Have Known Better - Remastered 2009,The Beatles,A Hard Day's Night (Remastered),163080,2,1964-07-10,62,0.682,0.444,7,1,0.0289,0.257,0.0,0.115,0.91,130.704
181,If I Fell - Remastered 2009,The Beatles,A Hard Day's Night (Remastered),139466,3,1964-07-10,63,0.665,0.31,2,1,0.0278,0.68,0.0,0.0877,0.568,108.211
182,I'm Happy Just To Dance With You - Remastered 2009,The Beatles,A Hard Day's Night (Remastered),116373,4,1964-07-10,59,0.658,0.537,6,0,0.0307,0.138,0.0,0.0572,0.887,132.115
183,And I Love Her - Remastered 2009,The Beatles,A Hard Day's Night (Remastered),149693,5,1964-07-10,68,0.767,0.331,1,0,0.0337,0.64,0.0,0.0681,0.636,113.312
184,Tell Me Why - Remastered 2009,The Beatles,A Hard Day's Night (Remastered),128693,6,1964-07-10,50,0.267,0.688,11,0,0.0388,0.586,0.0,0.307,0.797,150.942
185,Can't Buy Me Love - Remastered 2009,The Beatles,A Hard Day's Night (Remastered),131866,7,1964-07-10,66,0.483,0.677,0,1,0.0593,0.283,0.0,0.321,0.842,170.72
186,Any Time At All - Remastered 2009,The Beatles,A Hard Day's Night (Remastered),131280,8,1964-07-10,51,0.612,0.719,2,1,0.0398,0.366,3.88e-06,0.437,0.744,141.016
187,I'll Cry Instead - Remastered 2009,The Beatles,A Hard Day's Night (Remastered),105986,9,1964-07-10,47,0.643,0.73,7,1,0.0347,0.0917,0.0,0.253,0.96,96.711
188,Things We Said Today - Remastered 2009,The Beatles,A Hard Day's Night (Remastered),155333,10,1964-07-10,58,0.551,0.575,2,0,0.0332,0.239,0.0,0.112,0.516,137.054
189,When I Get Home - Remastered 2009,The Beatles,A Hard Day's Night (Remastered),136640,11,1964-07-10,45,0.568,0.793,9,0,0.0482,0.384,0.0,0.388,0.64,125.375
190,You Can't Do That - Remastered 2009,The Beatles,A Hard Day's Night (Remastered),154893,12,1964-07-10,50,0.612,0.788,0,1,0.0335,0.367,0.0,0.382,0.961,129.161
191,I'll Be Back - Remastered 2009,The Beatles,A Hard Day's Night (Remastered),144186,13,1964-07-10,51,0.721,0.527,9,1,0.0293,0.744,0.0,0.186,0.641,123.902
192,It Won't Be Long - Remastered 2009,The Beatles,With The Beatles (Remastered),133386,1,1963-11-22,58,0.472,0.673,4,1,0.0318,0.284,0.0,0.206,0.862,133.117
193,All I've Got To Do - Remastered 2009,The Beatles,With The Beatles (Remastered),122573,2,1963-11-22,58,0.49,0.579,1,0,0.0344,0.217,0.0,0.0644,0.879,119.403
194,All My Loving - Remastered 2009,The Beatles,With The Beatles (Remastered),127853,3,1963-11-22,69,0.416,0.563,1,0,0.0298,0.207,0.0,0.343,0.9,77.56
195,Don't Bother Me - Remastered 2009,The Beatles,With The Beatles (Remastered),148253,4,1963-11-22,57,0.371,0.724,2,1,0.0562,0.554,0.0,0.299,0.916,170.377
196,Little Child - Remastered 2009,The Beatles,With The Beatles (Remastered),106400,5,1963-11-22,45,0.526,0.858,9,1,0.0476,0.292,0.001,0.353,0.886,75.596
197,Till There Was You - Remastered 2009,The Beatles,With The Beatles (Remastered),133506,6,1963-11-22,63,0.727,0.338,5,1,0.0454,0.79,0.0,0.105,0.646,122.421
198,Please Mister Postman - Remastered 2009,The Beatles,With The Beatles (Remastered),154160,7,1963-11-22,57,0.552,0.644,9,1,0.0372,0.675,0.0,0.36,0.961,122.546
199,Roll Over Beethoven - Remastered 2009,The Beatles,With The Beatles (Remastered),165466,8,1963-11-22,59,0.351,0.749,2,1,0.0628,0.289,0.0,0.0952,0.967,160.673
200,Hold Me Tight - Remastered 2009,The Beatles,With The Beatles (Remastered),151906,9,1963-11-22,49,0.54,0.744,5,1,0.0312,0.664,0.0,0.21,0.963,135.731
201,You Really Got A Hold On Me - Remastered 2009,The Beatles,With The Beatles (Remastered),181346,10,1963-11-22,58,0.373,0.388,9,1,0.0337,0.525,0.0,0.267,0.687,77.643
202,I Wanna Be Your Man - Remastered 2009,The Beatles,With The Beatles (Remastered),119506,11,1963-11-22,48,0.553,0.914,9,1,0.0415,0.477,0.0,0.292,0.683,99.138
203,Devil In Her Heart - Remastered 2009,The Beatles,With The Beatles (Remastered),146213,12,1963-11-22,48,0.618,0.622,7,1,0.0296,0.227,0.0,0.0438,0.966,121.072
204,Not A Second Time - Remastered 2009,The Beatles,With The Beatles (Remastered),126826,13,1963-11-22,47,0.471,0.817,7,1,0.0372,0.213,0.0,0.498,0.961,124.848
205,Money (That's What I Want) - Remastered 2009,The Beatles,With The Beatles (Remastered),169506,14,1963-11-22,49,0.545,0.853,11,0,0.0394,0.425,0.0,0.266,0.923,128.816
206,I Saw Her Standing There - Remastered 2009,The Beatles,Please Please Me (Remastered),173946,1,1963-03-22,69,0.491,0.801,4,1,0.0361,0.27,0.0,0.0665,0.971,160.109
207,Misery - Remastered 2009,The Beatles,Please Please Me (Remastered),108546,2,1963-03-22,52,0.591,0.605,0,1,0.0413,0.707,0.0,0.309,0.882,133.348
208,Anna (Go To Him) - Remastered 2009,The Beatles,Please Please Me (Remastered),177133,3,1963-03-22,61,0.608,0.565,2,1,0.0336,0.635,0.0,0.0601,0.835,109.286
209,Chains - Remastered 2009,The Beatles,Please Please Me (Remastered),145080,4,1963-03-22,48,0.654,0.561,10,1,0.0304,0.608,0.0,0.129,0.929,129.884
210,Boys - Remastered 2009,The Beatles,Please Please Me (Remastered),146440,5,1963-03-22,50,0.402,0.86,4,1,0.0504,0.607,0.0,0.736,0.822,142.445
211,Ask Me Why - Remastered 2009,The Beatles,Please Please Me (Remastered),146533,6,1963-03-22,51,0.605,0.394,4,1,0.0378,0.767,0.0,0.0967,0.597,133.942
212,Please Please Me - Remastered 2009,The Beatles,Please Please Me (Remastered),120853,7,1963-03-22,61,0.527,0.48,4,1,0.028,0.334,0.0,0.0702,0.706,139.388
213,Love Me Do - Remastered 2009,The Beatles,Please Please Me (Remastered),141693,8,1963-03-22,68,0.52,0.829,0,1,0.0806,0.386,6.2e-05,0.227,0.744,147.997
214,P.S. I Love You - Remastered 2009,The Beatles,Please Please Me (Remastered),124360,9,1963-03-22,52,0.635,0.656,2,1,0.0291,0.389,0.00127,0.0828,0.77,134.435
215,Baby It's You - Remastered 2009,The Beatles,Please Please Me (Remastered),160520,10,1963-03-22,59,0.608,0.494,4,0,0.0345,0.778,0.0,0.0926,0.879,112.421
216,Do You Want To Know A Secret - Remastered 2009,The Beatles,Please Please Me (Remastered),117013,11,1963-03-22,63,0.673,0.349,4,1,0.0368,0.608,0.0,0.38,0.609,124.451
217,A Taste Of Honey - Remastered 2009,The Beatles,Please Please Me (Remastered),123480,12,1963-03-22,49,0.42,0.372,1,0,0.0327,0.698,0.0,0.104,0.412,101.408
218,There's A Place - Remastered 2009,The Beatles,Please Please Me (Remastered),110493,13,1963-03-22,49,0.455,0.582,4,1,0.0292,0.629,4.22e-06,0.172,0.927,140.928
219,Twist And Shout - Remastered 2009,The Beatles,Please Please Me (Remastered),155226,14,1963-03-22,75,0.482,0.849,2,1,0.0452,0.641,7.74e-06,0.0414,0.937,124.631
